{"Name_of_Company":{"0":"TATA","1":"MAHINDRA","2":"TESLA","3":"FORD","4":"TOYATO","5":"BMW"},"Unit_cars":{"0":10000,"1":20000,"2":15000,"3":5000,"4":7000,"5":4000},"Sales":{"0":6000,"1":12000,"2":7500,"3":2500,"4":3500,"5":2000},"Prod_Cost":{"0":600000,"1":600000,"2":600000,"3":600000,"4":600000,"5":600000},"Price":{"0":800000,"1":900000,"2":1000000,"3":800000,"4":600000,"5":1100000},"Profit":{"0":200000,"1":300000,"2":400000,"3":200000,"4":0,"5":500000},"Percent":{"0":33.3333333333,"1":50.0,"2":66.6666666667,"3":33.3333333333,"4":0.0,"5":83.3333333333}}